{
    "robot_root_name": "base_link",
    "human_root_name": "pelvis",
    "ground_height": 0.0,
    "human_height_assumption": 1.546,
    "use_ik_match_table1": true,
    "use_ik_match_table2": true,
    "human_scale_table": {
        "pelvis": 0.688,
        "spine3": 0.737,

        "left_hip": 0.590,
        "right_hip": 0.590,
        "left_knee": 0.475,
        "right_knee": 0.475,
        "left_foot": 0.475,
        "right_foot": 0.475,

        "left_shoulder": 0.600,
        "right_shoulder": 0.600,
        "left_elbow": 0.500,
        "right_elbow": 0.500,
        "left_wrist": 0.500,
        "right_wrist": 0.500
    },

    "ik_match_table1": {
        "base_link": [
            "pelvis",
            0,
            10,
            [
                0.0,
                0.0,
                0.0
            ],
            [
                0.5,
                -0.5,
                -0.5,
                -0.5
            ]
        ],
        "l_hip_roll_link": [
            "left_hip",
            0,
            10,
            [
                0.0,
                0.06,
                0.0
            ],
            [
                0.4267755048530407,
                -0.5637931078484661,
                -0.5637931078484661,
                -0.4267755048530407
            ]
        ],
        "l_hip_calf_link": [
            "left_knee",
            0,
            10,
            [
                0.0,
                0.06,
                0.0
            ],
            [
                0.5,
                -0.5,
                -0.5,
                -0.5
            ]
        ],
        "l_ankle_roll_link": [
            "left_foot",
            100,
            50,
            [
                0.0,
                0.08,
                0.0
            ],
            [
                0.5,
                -0.5,
                -0.5,
                -0.5
            ]
        ],
        "r_hip_roll_link": [
            "right_hip",
            0,
            10,
            [
                0.0,
                -0.06,
                0.0
            ],
            [
                0.4267755048530407,
                -0.5637931078484661,
                -0.5637931078484661,
                -0.4267755048530407
            ]
        ],
        "r_hip_calf_link": [
            "right_knee",
            0,
            10,
            [
                0.0,
                -0.06,
                0.0
            ],
            [
                0.5,
                -0.5,
                -0.5,
                -0.5
            ]
        ],
        "r_ankle_roll_link": [
            "right_foot",
            100,
            50,
            [
                0.0,
                -0.05,
                0.0
            ],
            [
                0.5,
                -0.5,
                -0.5,
                -0.5
            ]
        ],
        "waist_yaw_link": [
            "spine3",
            0,
            100,
            [
                0.0,
                0.0,
                0.0
            ],
            [
                0.5,
                -0.5,
                -0.5,
                -0.5
            ]
        ],
        "l_shoulder_roll_link": [
            "left_shoulder",
            0,
            10,
            [
                0.0,
                0.011,
                -0.03
            ],
            [
                0.70710678,
                0.0,
                -0.70710678,
                0.0
            ]
        ],
        "l_elbow_link": [
            "left_elbow",
            0,
            10,
            [
                0.0,
                0.011,
                0.0
            ],
            [
                0.70710678,
                0.0,
                -0.70710678,
                0.0
            ]
        ],
        "l_wrist_link": [
            "left_wrist",
            0,
            10,
            [
                0.0,
                0.011,
                0.0
            ],
            [
                0.70710678,
                0.0,
                -0.70710678,
                0.0
            ]
        ],
        "r_shoulder_roll_link": [
            "right_shoulder",
            0,
            10,
            [
                0.0,
                -0.011,
                -0.03
            ],
            [
                0.0,
                0.70710678,
                0.0,
                0.70710678
            ]
        ],
        "r_elbow_link": [
            "right_elbow",
            0,
            10,
            [
                0.0,
                -0.011,
                0.0
            ],
            [
                0.0,
                0.70710678,
                0.0,
                0.70710678
            ]
        ],
        "r_wrist_link": [
            "right_wrist",
            0,
            10,
            [
                0.0,
                -0.011,
                0.0
            ],
            [
                0.0,
                0.70710678,
                0.0,
                0.70710678
            ]
        ]
    },
   "ik_match_table2": {
        "base_link": [
            "pelvis",
            10,
            5,
            [
                0.0,
                0.0,
                0.0
            ],
            [
                0.5,
                -0.5,
                -0.5,
                -0.5
            ]
        ],
        "l_hip_roll_link": [
            "left_hip",
            10,
            5,
            [
                0.0,
                0.06,
                0.0
            ],
            [
                0.4267755048530407,
                -0.5637931078484661,
                -0.5637931078484661,
                -0.4267755048530407
            ]

        ],
        "l_hip_calf_link": [
            "left_knee",
            10,
            5,
            [
                0.0,
                0.06,
                0.0
            ],
            [
                0.5,
                -0.5,
                -0.5,
                -0.5
            ]
        ],
        "l_ankle_roll_link": [
            "left_foot",
            100,
            50,
            [
                0.0,
                0.05,
                0.0
            ],
            [ -0.5, 0.5, 0.5, 0.5 ]
        ],
        "r_hip_roll_link": [
            "right_hip",
            10,
            5,
            [
                0.0,
                -0.06,
                0.0
            ],
            [
                0.4267755048530407,
                -0.5637931078484661,
                -0.5637931078484661,
                -0.4267755048530407
            ]
        ],
        "r_hip_calf_link": [
            "right_knee",
            10,
            5,
            [
                0.0,
                -0.06,
                0.0
            ],
            [
                0.5,
                -0.5,
                -0.5,
                -0.5
            ]
        ],
        "r_ankle_roll_link": [
            "right_foot",
            100,
            50,
            [
                0.0,
                -0.05,
                0.0
            ],
            [ -0.5, 0.5, 0.5, 0.5 ]
        ],
        "waist_yaw_link": [
            "spine3",
            0,
            10,
            [
                0.0,
                0.0,
                0.0
            ],
            [
                0.5,
                -0.5,
                -0.5,
                -0.5
            ]
        ],
        "l_shoulder_roll_link": [
            "left_shoulder",
            10,
            5,
            [
                0.0,
                0.011,
                -0.03
            ],
            [
                0.70710678,
                0.0,
                -0.70710678,
                0.0
            ]
        ],