{
    "robot_root_name": "base_link",
    "human_root_name": "spine2",
    "ground_height": -0.0,
    "human_height_assumption": 1.7,
    "use_ik_match_table1": true,
    "use_ik_match_table2": true,
    "human_scale_table": {
        "spine2": 0.36,

        "left_hip": 0.32,
        "right_hip": 0.32,
        "left_knee": 0.32,
        "right_knee": 0.32,
        "left_foot": 0.31,
        "right_foot": 0.31
    },

    "ik_match_table1": {
        "l_hip_roll_link": [
            "left_hip",
            0,
            10,
            [
                0.0,
                0.075,
                0.0
            ],
            [
                0.4267755048530407,
                -0.5637931078484661,
                -0.5637931078484661,
                -0.4267755048530407
            ]
        ],
        "l_calf_link": [
            "left_knee",
            0,
            10,
            [
                0.0,
                0.075,
                0.0
            ],
            [
                0.5,
                -0.5,
                -0.5,
                -0.5
            ]
        ],
        "l_ankle_pitch_link": [
            "left_foot",
            100,
            50,
            [
                0.0,
                0.05,
                0.0
            ],
            [
                0.5,
                -0.5,
                -0.5,
                -0.5
            ]
        ],
        "r_hip_roll_link": [
            "right_hip",
            0,
            10,
            [
                0.0,
                -0.075,
                0.0
            ],
            [
                0.4267755048530407,
                -0.5637931078484661,
                -0.5637931078484661,
                -0.4267755048530407
            ]
        ],
        "r_calf_link": [
            "right_knee",
            0,
            10,
            [
                0.0,
                -0.075,
                0.0
            ],
            [
                0.5,
                -0.5,
                -0.5,
                -0.5
            ]
        ],
        "r_ankle_pitch_link": [
            "right_foot",
            100,
            50,
            [
                0.0,
                -0.05,
                0.0
            ],
            [
                0.5,
                -0.5,
                -0.5,
                -0.5
            ]
        ],
        "base_link": [
            "spine2",
            0,
            100,
            [
                0.0,
                0.0,
                0.0
            ],
            [
                0.5,
                -0.5,
                -0.5,
                -0.5
            ]
        ]
    },
    "ik_match_table2": {
        "l_hip_roll_link": [
            "left_hip",
            10,
            5,
            [
                0.0,
                0.075,
                0.0
            ],
            [
                0.4267755048530407,
                -0.5637931078484661,
                -0.5637931078484661,
                -0.4267755048530407
            ]
        ],
        "l_calf_link": [
            "left_knee",
            10,
            5,
            [
                0.0,
                0.075,
                0.0
            ],
            [
                0.5,
                -0.5,
                -0.5,
                -0.5
            ]
        ],
        "l_ankle_pitch_link": [
            "left_foot",
            100,
            50,
            [
                0.0,
                0.05,
                0.0
            ],
            [
                0.5,
                -0.5,
                -0.5,
                -0.5
            ]
        ],
        "r_hip_roll_link": [
            "right_hip",
            10,
            5,
            [
                0.0,
                -0.075,
                0.0
            ],
            [
                0.4267755048530407,
                -0.5637931078484661,
                -0.5637931078484661,
                -0.4267755048530407
            ]
        ],
        "r_calf_link": [
            "right_knee",
            10,
            5,
            [
                0.0,
                -0.075,
                0.0
            ],
            [
                0.5,
                -0.5,
                -0.5,
                -0.5
            ]
        ],
        "r_ankle_pitch_link": [
            "right_foot",
            100,
            50,
            [
                0.0,
                -0.05,
                0.0
            ],
            [
                0.5,
                -0.5,
                -0.5,
                -0.5
            ]
        ],
        "base_link": [
            "spine2",
            0,
            10,
            [
                0.0,
                0.0,
                0.0
            ],
            [
                0.5,
                0.5,
                0.5,
                0.5
            ]
        ]
    }
}
